name,category,neighborhood,address,phone,lat,lng,tier,product_tags,recognition,what_to_order,price_range,reservation,best_time,notes,verdict,caveat,iconic_orders
Delta,2★+Green,"Kallithea/Faliro · SNFCC opera roof, 5th floor","Syngrou Ave 364, 176 74 Kallithea",,37.93972,23.69278,The stars,Only 2★ in Greece · Green Star · Ex-Maaemo chef,"MICHELIN 2024 — two stars + Green Star, Greece's only two-star","Twelve-course Omnivore menu: Greek terroir driven vegetal and precise, the Saronic light on the glass.",€240 pp · 12-course tasting,Book ahead · €100 deposit,Arrive at sunset,"€100 deposit at booking; inside SNFCC so allow time for security and parking; Feskos left 2025, the kitchen is Papazacharias's alone; ~€240 pp for the 12-course Omnivore menu.",The only two-MICHELIN-star kitchen in Greece — and the 2026 Athinorama jury still ranked the solo Papazacharias kitchen joint-second in the country.,"Not for a casual night out — a deposit-backed, full-evening gastronomic performance, not dinner.",Grand tasting menu · Green Star vegetable courses · Greek-cellar wine pairing
Varoulko Seaside,Winch,"Piraeus · Mikrolimano quay, Akti Koumoundourou","Akti Koumoundourou 54-56, Mikrolimano, 185 33 Piraeus",+30 210 5228400,37.93715,23.65847,Piraeus — the harbour tables,Since 1987 · 1st Greek ★ 2002 · 16/20 in 2026,"Athinorama 2026 — Golden Hat, 16/20, level with the Riviera stars","Squid cut like tagliatelle: Lazarou's sweet, barely-set sleight, beside charcoal day-boat sea bass",EUR 50-70+ pp,Essential for the waterfront tables,"Golden hour, caiques and Kastella lighting up","STAR GONE: lost its Michelin star in the 2024 selection after 20+ years — still in the Guide's main selection; do not sell as 'Michelin-starred'. Still at Mikrolimano, no relocation. Book the waterfront tables.",Still the single most important seafood address in Piraeus — the 2026 Greek jury rates it level with the Riviera's starred rooms.,"No longer a starred trophy booking, and not a cheap taverna night — come for the fish and the harbour, not the plaque.","Catch of the day · Octopus, charred · Seafood tasting menu · Assyrtiko by the glass"
Diporto,No sign,Central Market · Sokratous & Theatrou basement,"Sokratous 9 & Theatrou, 105 52 Athens (basement — no sign)",+30 210 3211463,37.98076,23.72576,The old houses & koutoukia,Since 1958 · 1913 lease · Cash only,Athinorama 2024 — nominated for Greece's Intangible Cultural Heritage,"Revithada: peppery chickpeas ladled straight from the pot, oil-slicked, bread-mopping hot","EUR 15-20 pp, cash only","No booking — ~10 tables, strangers share",Weekday lunch 12:00-15:00 with the market,"CASH ONLY, no sign, no menu — you eat what kyr-Mitsos cooked. UNDER THREAT: 2024 reports said the building was sold with 1-2 years to vacate (owner-side denies); still open spring 2026 — go now.",There is no older or truer lunch in Athens: a 1913-lease wine cellar where the menu is whatever kyr-Mitsos decided at dawn.,"Not for anyone needing a menu, a card machine, a clean floor plan or their own table — and maybe not here in two years.",Fasolada · Patates giachni · Grilled sardines · Barrel retsina
Spondi,1★,Pangrati · quiet street behind Varnava Square,"Pyrronos 5, 116 36 Athens",+30 210 752 0658,37.965,23.7414,The stars,1★ (was 2★) · Since 1996 · Bignon at the pass,"MICHELIN 2024 — one star (formerly two), the grande dame of Athens fine dining","Signature tasting menu: classical French architecture over Aegean ingredients, three decades of polish, an Asian inflection.",€150–250 pp (est.),Essential,Warm nights in the courtyard,"Dinner only, from 19:30; jacket-comfortable by Athens standards; kitchen now Bignon + head chef Demetzos (earlier chef Lantos gone); the tableside cheese trolley is the tell.",Still the most technically exacting French kitchen in Greece — a one-star room that plates like the two-star it used to be.,"Not for seekers of 'modern Greek' — this is unapologetically French-school fine dining, jacket-comfortable.","Breton scallop, white truffle, Lapsang Souchong · Cheese trolley · Grand dessert"
Soil,1★ Green,"Pangrati · Ferekydou, behind the Panathenaic Stadium","Ferekydou 5, 116 35 Athens",,37.9662,23.741,The stars,1★ + Green Star · Farm-to-table · Ex-Hytra chef,MICHELIN 2024 — one star + Green Star for sustainability,"Seasonal tasting menu: ferments, wild herbs and heirloom vegetables treated with protein-level respect, quiet fire.",€110 pp tasting (site),Essential · small room,"Early, in the garden courtyard","Tasting-menu only, small room — book weeks ahead in season; on-site tasting listed around €110; the same team opened Amphibian at the Onassis Stegi in Jan 2026, this mothership continues.",The most convincing farm-to-table statement in Athens — a Green Star that actually tastes like one.,Not for diners who measure fine dining in caviar and lobster — the garden dictates the plate.,Seasonal tasting menu · Vegetable-centred courses · Greek natural-leaning pairing
CTC Urban Gastronomy,1★,Kerameikos/Metaxourgeio · Plateon Street,"Plateon 15, 104 35 Athens",,37.98,23.715,The stars,1★ Michelin · Hytra-trained · 11 courses,"MICHELIN 2024 — one star, held three years running",Eleven-course voyage: Greek memory dishes rebuilt with French technique and a straight-faced wit.,€110–160 pp (est.),Essential,Clear the evening — ~11 courses,"Long ~11-course format, allow 3+ hours; @ctcresto on Instagram; Kerameikos edge — gritty street, serious room.","The clearest single expression of the new Athenian chef generation — Hytra-raised, French-drilled, Greek at heart.","Not for a quick dinner — the tasting is a three-hour, full-evening commitment.",11-course tasting · Bread service · Greek pairing flight
Makris Athens,1★,Monastiraki/Thiseio · Astiggos off lower Ermou,"Astiggos 10 & Ermou 119, 105 55 Athens",,37.97664,23.72155,The stars,1★ Michelin · Own farm · Vegan menu too,"MICHELIN Dec 2024 — one star, the newest in central Athens","Genesis menu: own-farm produce and Greek heritage, modern technique, the Acropolis framed in the terrace glass.",€130–190 pp (est.),Essential · ask for the terrace,"Golden hour, Acropolis in view",Newest Athens star (Dec 2024); three tasting menus incl. a full vegan Physis line; ask for the terrace — the glass floor shows the ancient Eleusis Inn.,"Central Athens' newest Michelin star, and the only one that plates its own farm — book the terrace for the Acropolis as much as the food.","Not the address for classic-luxury, minimal-vegetable dining — the farm dictates the plate.",Genesis tasting menu · Physis vegan menu · Utopia menu
GB Roof Garden,Rooftop,"Syntagma · 8th floor, Hotel Grande Bretagne","Vasileos Georgiou A' 1, Syntagma Square, 105 64 Athens",,37.97611,23.73472,Destination rooms,Acropolis view · Wine Spectator cellar · MICHELIN Plate,"MICHELIN — Plate, plus a long-standing Wine Spectator cellar award","Mediterranean plates and grand-hotel service, eight floors up, the lit Parthenon filling the whole terrace.",€80–150 pp (est.),Essential for view tables,"Dusk, floodlit Acropolis ahead","Michelin Plate, NOT a star (the star belongs to sister Tudor Hall); the bar side works without a dinner booking; smart dress; renovated 2024.","The rooftop every Athens rooftop is measured against — 150 years of grand hotel below, the Acropolis full-frontal ahead.",You pay for the view twice — skip it if grand-hotel formality grates on you.,Mediterranean tasting or à la carte fish · Acropolis-view cocktail · Wine Spectator cellar pick
Vezené,Wood fire,"Ilisia · Vrasida, behind the Hilton","Vrasida 11, 115 28 Athens",+30 210 723 2002,37.9765,23.7508,Destination rooms,Wood-fire · Dry-aged beef · Star Wine List,MICHELIN Guide listed + a Star Wine List cellar + a 2026 Greek Cuisine Award,"Dry-aged steak off the wood fire, then 'Ari's Deal Closer' — swagger, not ceremony.",€60–100 pp (est.),Essential · chef-city fixture,"Late, when the fire hits cruising speed","Wood-fired meat-and-fish bistro, not a tasting-menu house; Mon–Sat from 18:00, Sun lunch from 13:30; book — it's a chef-city fixture.","The chefs' choice for a night off — Athens' best wood-fire cooking, no tasting-menu ceremony attached.","Not budget, and not vegetarian-friendly at heart — this is a fire-and-meat room.","Dry-aged steak from the fire · Whole fish, wood-grilled · Ari's Deal Closer · Serious-list wine"
Sushimou,Omakase,"Syntagma · Skoufou, a 12-stool counter","Skoufou 6, 105 57 Athens",,37.9735,23.7317,Destination rooms,12-stool omakase · Aegean edomae · Tokyo-trained,Athinorama Golden Hats 2026 — Audience Award (the diners' vote),"Omakase of Aegean fish cut edomae-style — twelve stools, one Tokyo-trained Greek, no menu.",~€55+ pp omakase (est.),Essential · 12 stools,"First sitting, counter seat","12 stools only — book well ahead; omakase, chef decides, no substitutions; base sitting around €55 pp; three evening sittings.",The best sushi in Athens is Greek fish in Japanese hands — and the 2026 Golden Hats audience voted it so.,"No menu, no groups, no lingering — omakase rules apply, and twelve seats fill fast.",Omakase sitting · Local-fish nigiri · Sake pairing
Seychelles,Taverna,Metaxourgeio · Kerameikou & Akadimou corner,"Kerameikou 49 & Akadimou, Metaxourgeio, 104 36 Athens",+30 211 183 4789,37.98226,23.72029,Where the chefs eat,Since 2013 · Chef's pick · Small producers,THIS IS ATHENS 2026 — CTC's Alexandros Tsiotinis names it his no-frills Greek,"Pappardelle with crab sauce: wide ribbons under sweet crab, the house's one non-negotiable order.",EUR 30–45 pp,Phone; corner tables first-come,Early afternoon or quiet evening,"Corner pavement tables are the point and largely first-come; kitchen opens ~13:30; relaunched 2023, not the pre-2013 Bahamas kitchen.","The starred chef of CTC names this his no-frills Greek benchmark, and the small-producer cooking holds up to the endorsement.","Not a dressed-up night out, and nothing 'exotic' despite the name — paper tablecloths, Greek register only.",Pappardelle with crab sauce · Saganaki with crab · Beef liver with mustard & pickles · Tomato salad
Mavros Gatos,Grill,"Pangrati · Polemonos half-basement, near Proskopon","Polemonos 4, Pangrati, 116 35 Athens",+30 210 723 6903,37.9715,23.74469,Where the chefs eat,Paidakia · Chef's pick · Basement institution,THIS IS ATHENS 2026 — Pharaoh's Manolis Papoutsakis calls lamb-and-retsina here 'an Athenian staple',"Paidakia: char-crusted thin lamb chops, eaten by hand with cold resinous retsina.",EUR 15–20 pp (no wine),Phone; walk-ins off-peak,Long weekend lunch downstairs,"Half-basement — look for the few steps down; keep the order classic (grill and starters), the paidakia are the whole argument.","Two of Athens' sharpest palates — Papoutsakis and LiFO — send you here for lamb chops, and the basement delivers on both counts.","Not for terrace romantics or the offal-shy — meat, charcoal smoke and old-taverna formica, nothing softened.",Paidakia (lamb chops) · Homemade leek sausage · Grilled liver · Retsina
Psarokastella,Fish,"Kastella, Piraeus · Skra lane above Mikrolimano","Skra 19, Kastella, 185 47 Piraeus",+30 210 422 2237,37.94262,23.65549,Where the chefs eat,Since 1986 · Day-boat fish · MasterChef family,THIS IS ATHENS 2026 — Merceri's Maria Ntioudi keeps it as her secret eaterie,"Day-boat fish, grilled: chosen that morning, dressed only in olive oil and lemon.","Fish by weight, day-boat",Phone ahead — tiny room,Warm evening after the climb,"No published hours or card policy — phone first; four-square-metre kitchen plus alley tables; a plain residential lane, no Mikrolimano view.",The Merceri chefs vouch that this family buys its fish daily — and every grilled plate off the Kastella veranda proves the habit.,"Not a Mikrolimano quay show — no sea view, no theatre; you walk up a residential lane purely to eat.","Day-boat fish, grilled · Taramosalata with bottarga · Garlic shrimp saganaki · Squid with capers"
To Steki tou Ilia,Paidakia,"Thissio · rail-side lane, Ano Petralona border","Thessalonikis 7, Thissio, 118 51 Athens (2nd house: Eptachalkou 5)",+30 210 342 2407,37.97693,23.71591,Where the chefs eat,Since 1981 · Chef's pick · Paidakia,THIS IS ATHENS 2026 — Feyrouz's Andreas Kiltsiksis sends you for 'the tastiest lamb chops',"Paidakia: thin lamb chops char-edged off the coals, eaten with fingers under mulberry shade.",EUR 20–30 pp,Phone; weekend queues,Saturday lunch under the trees,Closed Mondays; two same-name houses on one lane (Thessalonikis 7 and Eptachalkou 5) — either works; order chops by the kilo.,A 1981 grill that has never needed a second idea — Feyrouz's chef and every Saturday queue agree no one grills a better lamb chop in Athens.,"Vegetarians and slow-wine-dinner people have no business here — a grill with tables, and Monday it is shut.",Paidakia · Lemonati sikotaria · Keftedakia · Horta
Feyrouz,Levantine,Psyrri · Karori & Agathonos corner,"Karori 23 & Agathonos 1, 105 51 Athens",,37.97815,23.72774,Ethnic tables — the special ones,Since 2014 · Antiochian · Lahmajun,,"Lahmajun, rolled hot: thin blistered dough, spiced beef, greens, sumac-and-lemon sharpness.",~EUR 5–10 pp,None — counter and stools,"Lunch, lahmajun leaving the oven","Queue at peak lunch, mostly standing/stools; Antiochian, not Greek souvlaki; it ends when the dough does.",The best few-euro flatbread in central Athens — and a chef who skips it because 'it isn't Greek' has misread what Athens street food became.,"Not the stop for souvlaki or a lingering table — Levantine counter food with a few stools, and it sells out.","Lahmajun, rolled · Peinirli boat · Vegan lahmajun / greens · Pistachio sweets"
Nolan,Bib,"Syntagma · Voulis St, steps from the square","Voulis 31-33, 105 57 Athens",,37.9744,23.7323,Ethnic tables — the special ones,Bib Gourmand · Greek-Asian · Two sittings,"MICHELIN 2024 — Bib Gourmand, carried into the 2026 selection","Sea-bream tartare: Greek raw fish under Asian seasoning, one of the room's current signatures.",EUR 25–45 pp,Recommended,Early dinner before the crush,Tiny; two sittings; 'Nolan 2.0' under Nourloglou since Dec 2024 — the Kontizas era is over.,"Nolan's second act still earns its Bib: a Syntagma room where Greek produce speaks fluent Japanese, Vietnamese, Korean and Chinese.",Not a lingering-table restaurant — turnover across two sittings is part of the deal.,Sea-bream tartare · Breaded beef cheeks with truffle · Rotating Greek-Asian plate
Marili,Georgian,Kypseli · Agias Zonis pedestrian lane off Fokionos Negri,"Agias Zonis 26, 113 61 Kypseli, Athens",+30 211 425 2269,38.0025,23.73745,Ethnic tables — the special ones,Since 2023 · Georgian tone oven · Khachapuri,,"Khachapuri imeruli: molten fresh cow's-milk cheese in blistered dough, buttered straight from the clay tone.",~EUR 4–9 pp,None — takeaway counter,"Mid-morning, khachapuri molten","A bakery counter, not a table — takeaway or eat standing; tiny, cash-friendly; ring ahead, freshest press is 2023–25.",Athens' Georgian corner: a real tone-oven bakery where the khachapuri leaves the stone molten — the Caucasus answer to what here is special and not Greek.,Not a lingering table or a full dinner — a tiny bake-shop counter; ring ahead before a special trip up.,Khachapuri (imeruli) · Filled dough pouches · Lavash & Georgian pites
Akra,Live-fire,"Pangrati · Amynta St, near Proskopon Square","Amynta 12, 116 35 Athens",+30 210 725 1116,37.9683,23.7456,Neighborhood gems & dives,Bib Gourmand · Live-fire · Since 2023,"MICHELIN 2024 — Bib Gourmand, a new entry held into 2026","Daily fire-cooked market dish: the morning's best haul, seared over the continuously burning charcoal.",EUR 30–55 pp,Recommended,"Late dinner, fire in full swing","Entrance feature is the in-house bakery, not a butcher; loud, live-fire, half-portions offered; walk-ins wait at peak.",The Bib that defines new Pangrati — a daily-changing live-fire kitchen with a working bakery at its own front door.,"Not for vegetarians or quiet-dinner seekers — it is loud, meat-forward and fire-led.",Daily fire-cooked market dish · Wood-fired vegetables · Bakery pastry from the door
Pharaoh,Wood-oven,Exarcheia edge · Solomou St,"Solomou 54, 106 82 Athens",+30 210 380 8412,37.9872,23.729,Neighborhood gems & dives,"Bib Gourmand · Wood oven, no gas · 400+ natural wines","MICHELIN 2024 — Bib Gourmand, held into the 2026 selection","Wood-oven daily roast: an island or mountain recipe the blackboard picked that morning, slow-cooked in a kitchen with no gas.",EUR 30–55 pp,Recommended (e-table),When the blackboard changes — nightly,"Menu rewritten almost nightly around market + wood oven; kitchen runs on no electricity or gas; restaurant, bar and wine shop in one.","Athens' best argument that tradition, a wood oven and natural wine make a modern restaurant — and we would cross town for the blackboard.","Menu control-freaks beware — you eat what the day decided, not what you planned.",Wood-oven daily roast · Regional Greek classic of the day · Natural wine from the shop wall
Skalakia,Grill,"Ilisia · Dionysiou Aiginitou, hospital district","Dionysiou Aiginitou 32, Ilisia, 115 28 Athens",+30 210 722 9290,37.97703,23.75659,Neighborhood gems & dives,Since 1967 · Chef's secret gem · Sweetbreads,THIS IS ATHENS 2026 — Pharaoh's Papoutsakis calls it his 'secret gem' for sweetbreads and liver,"Grilled lamb sweetbreads: crisp outside, custard-soft within, lemon and a shot of tsipouro.",EUR 20–25 pp,Phone — small room,"Sunday lunch, or spring wisteria","Weekdays dinner-only from 16:00, Sunday lunch-only to 17:00 — time it right; the grilled sweetbreads are why you came.","A 1967 neighbourhood grill that outlived every Athens trend by changing nothing — Papoutsakis calls the sweetbreads and liver his secret gem, and he is right.","Not for the offal-shy or decor-hunters — unchanged-since-1967 consistency is the look, and Sunday dinner does not exist.",Grilled lamb sweetbreads · Lemon-braised liver · Keftedakia · Fava
Ariston,Pie 1910,"Syntagma · Voulis 10, one block behind the square","Voulis 10, 105 63 Athens",+30 210 322 7626,37.97672,23.73265,Bargain plates,Since 1910 · Heritage monument · Tyropita kourou,GREEK STATE 2018 — declared a Monument of Modern Cultural Heritage,"Tyropita kourou: half-moon of thick, buttery, crumbling crust around salty molten feta, eaten warm.",~EUR 2–6 pp,Takeaway only,"Weekday mid-morning, warm trays","Takeaway only, no seats since 1910; closed Sunday; sells through the morning bake — late afternoon is leftovers; pies travel well.","Over a century on, the tyropita kourou here is still the one to beat — order anything else first and you have wasted a warm one.","No tables, no coffee theatre — buy, walk, eat; and the trays empty with the morning.",Tyropita kourou · Spanakopita · Melitzanopita · A dozen kourou for the boat
To Koulouri tou Psirri,Koulouri,"Psyrri · Karaiskaki, off Plateia Iroon","Karaiskaki 23, Psyrri, 105 54 Athens",+30 210 321 5962,37.978,23.72455,Bargain plates,"Since 1965 · At-source · ~7,000/day",,"A hot sesame koulouri at dawn: thin crackling ring, toasted sesame, steam in the cold.",Under EUR 2,None — bakery counter,"05:00–07:00, hot at dawn","Working production bakery, no seats/coffee at the original counter; first hot trays ~05:00; adjacent café 'O Fournos tou Ilia' has seats.",Nearly every koulouri sold from a downtown street cart was born in this one Psyrri bakery — buy it here at 05:00 and the difference is the crunch.,"Not for anyone wanting a seat, a coffee or a schedule — a flour-dusted production bakery with a till.",Classic thin koulouri · Braided soft koulouri · A dozen rings for the crew
Olympion,Mageireio,"Mets · Anapafseos, below the Panathenaic Stadium","Anapafseos 9, Mets, 116 36 Athens",+30 210 924 4388,37.96656,23.73454,Bargain plates,Mageireio · Window of pots · Under EUR 15,,"Kolokithakia gemista me avgolemono: courgettes stuffed and bound in egg-lemon, the tender-green house plate.",~EUR 6–9 a plate,None — read the pots,Weekday lunch 13:00–15:00,"Daytime cook-house, closed Sunday — go at lunch while the pots are full; takeaway tubs travel; hours unpublished, call to confirm.",The cheapest honest plate in the guide: read a Mets window of pots and eat the day's home cooking for less than a downtown cocktail.,"No dinner service, no menu, no polish — a daytime window of pots on a residential lane; come at lunch or not at all.",Kolokithakia gemista me avgolemono · Gemista · Moschari lemonato / kokkinisto · A tub of the day's mageirefta
Stani,Dairy bar,Omonia · Marikas Kotopouli St,"Marikas Kotopouli 10, 104 32 Athens",+30 210 523 3637,37.98543,23.72793,Breakfast & brunch,Since 1931 · Last galaktopoleio · Fair gold 1953,THESSALONIKI FAIR 1953 — gold medal for its sheep's-milk yogurt,"Sheep's-milk yogurt, honey and walnuts: cool, dense, faintly gamey, under mountain fir honey and crushed walnuts.",~EUR 5–10 pp,None — counter service,"Breakfast, or the mid-afternoon lull","Gritty Omonia block — go for the food, not the street; takeaway yogurt tubs travel; born in Piraeus 1931, refounded Omonia 1949.","The last true galaktopoleio in central Athens — sheep's-milk yogurt so dense the spoon stands upright, and no one in the centre does it better.","Not a café to linger in — no espresso ritual, no brunch plates, no laptops; you eat dairy the old way and leave.","Sheep's-milk yogurt, honey & walnuts · Anthogalo with honey · Rizogalo · Fresh butter and kaimaki cream"
Krinos,Loukoumas,Historic centre · Aiolou pedestrian St,"Aiolou 87, 105 51 Athens",+30 210 321 6852,37.98041,23.72841,Breakfast & brunch,Since 1923 · Ring loukoumas · Asia-Minor,,"Loukoumades me meli: ring-shaped, crisp shell, molten crumb, honey syrup, heavy cinnamon, served scalding.",~EUR 4–8 pp,None — marble tables,Mid-morning with a Greek coffee,"Century-old room, tight at rush — takeaway window moves faster; the loukoumas is ring-shaped (Constantinople style), not the round norm.","A century on, no loukoumas in Athens has caught up with its honey-syruped, cinnamon-dusted ring.","Not for phyllo purists on a bougatsa pilgrimage, and not a lingering brunch room — marble, syrup and speed.",Loukoumades me meli · Greek coffee · Bougatsa me krema
The Underdog,Coffee,"Thissio · Irakleidon, off Apostolou Pavlou","Irakleidon 8, 118 51 Athens",+30 213 036 5393,37.97494,23.71915,Breakfast & brunch,World-champ barista · Micro-roastery · Benchmark brunch,"SCA — Michalis Dimitrakopoulos, 2016 World Coffee in Good Spirits Champion & 2019 World Barista finalist","Flat white on the house roast: silky, cocoa-dark, zero bitterness, beside warm chocolate babka.",~EUR 15–25 pp brunch,Online booking; walk-ins wait,Weekday 09:00–11:00,"Flagship closes 19:00 — no late-night bar phase here; weekend brunch queues; micro-roastery on site; online booking, walk-ins wait.",Athens' most decorated coffee room also cooks the city's benchmark brunch — and the flat white will still outclass whatever lands on the plate.,Not for a quiet solo session at peak — weekend brunch is a scrum; but a weekday 08:00 espresso is exactly available.,Flat white · Chocolate babka · Eggs Benedict · Coffee cocktail
Oinomageireio I Ipeiros,Patsas,"Varvakios Market · Filopoimenos side, off Athinas","Filopoimenos 4, Varvakios Agora, 105 51 Athens",+30 210 324 0773,37.98033,23.72805,Late night — after service,Since 1898 · Last in the market · Dawn patsas,,"White beef patsas: steam fogging the marble, spiked with your own skordostoumpi garlic-vinegar.",EUR 8–15 pp,None — share a marble top,"07:00–09:00, clubbers meet butchers","Now keeps market hours ~07:00–18:00 — the dawn stop, NOT the 3 a.m. one; last patsatzidiko inside Varvakios; walk past hanging carcasses.","The last patsatzidiko inside the Varvakios meat market — the Athenian night's official final stop since 1898, now taken at dawn rather than at three.",Not for the 03:00 crowd anymore — it closes late afternoon; and not for anyone squeamish about hanging carcasses at breakfast.,"Patsas (white, beef) · Gida vrasti (boiled goat) · Magiritsa · Moschari kokkinisto"
O Makis,Patsas,"Peristeri · Leoforos Thivon, western Athens","Leoforos Thivon 235, Peristeri",+30 210 577 6136,38.01976,23.69314,Late night — after service,Since 1994 · 24/7 · Only cauldrons,,"Patsas chontrokommenos: coarse-cut tripe from the cauldron, lashed with garlic-vinegar and scarlet boukovo oil.",EUR 8–14 pp,None — 24h counter,04:00–06:00 with the night shift,"20–25 min taxi from the centre or Piraeus; 24/7, closed only Easter Sunday; the only patsatzidiko in Athens still using dedicated cauldrons.","Athens' hardest-working patsas cauldron: hundreds of portions a day, open every hour of the year except Easter Sunday.","Not a taverna evening — a fluorescent-lit working canteen deep in Peristeri; tripe-refusers get gyros, not poetry.",Patsas chontrokommenos (coarse-cut) · Patsas psilokommenos (fine-cut) · Grills and gyros
Bougatsadiko I Thessaloniki stou Psyrri,Bougatsa,"Psyrri · Plateia Iroon corner, at Miaouli","Plateia Iroon 1, 105 54 Athens",+30 210 322 2088,37.97843,23.72492,Late night — after service,Hand-opened phyllo · Weekend 24h · Dawn bougatsa,,"Bougatsa me krema: warm custard, shattering phyllo, buried under cinnamon and icing sugar at dawn.",EUR 4–8 pp,None — counter and square,"Weekend dawn, 05:00–07:00",24h is weekend-only — Sun–Thu closes ~02:00; phyllo hand-opened on marble in the window; phone-check the late hours.,"Psyrri's dawn bougatsa: hand-opened phyllo on Heroes' Square, and on weekends the pans do not stop for twenty-four hours.","Not a refined patisserie — square-side chairs, bar-crowd noise; and midweek the shutters come down around 02:00.",Bougatsa me krema · Bougatsa me kima · Bougatsa me tyri
Elvis,Kalamaki,Kerameikos · Plataion & Leonidou corner,"Plataion 29 & Leonidou, 104 35 Athens",+30 210 345 5836,37.98111,23.71645,Late night — after service,Kalamaki only · No wraps · Late-night,,"Pork kalamaki, by the pair: salt, char and juice, with grilled pita quarters and a beer.",EUR 5–10 pp,None — counter and stools,"Late, after the Kerameikos bars","No wraps — bare kalamakia only, order skewers by count; Kerameikos original runs to ~03:00, Fri/Sat ~05:00; standing-room tiny.","The Athenian kalamaki needs nothing but salt, charcoal and midnight — leave without ordering a second round of skewers and we got it wrong.","Not for wrap-seekers, daylight romantics or anyone needing a table — a butcher's-corner counter that peaks after midnight.","Pork kalamaki, by the pair · Keftedes skewer · Grilled corn pita · Hand-cut fries"
Ta Karamanlidika tou Fani,Pastourma,"Psyrri edge · Sokratous & Evripidou, by Varvakios market","Sokratous 1 & Evripidou 52, 105 52 Athens",+30 210 325 4184,37.98014,23.72569,The Asia Minor kitchens,Since 2014 · Pastourma row · Galley-packs,Athinorama 2018 & 2019 — Greek Cuisine tribute pick,Pastourma pie: fenugreek-crusted cured beef and molten cheese in crackling hot phyllo,EUR 20-25 pp,Book — peak waits; rooftop tables go first,Lunch after the Varvakios market walk,Closed Sunday; book or queue at peak. Deli counter vacuum-packs pastourma/soutzouki that survive a week in a galley fridge. A second branch exists at Ermou 119 — this is the original Sokratous/Evripidou flagship.,The pastourma pie and the deli counter alone justify crossing town; everything past the cured-meat canon is merely good.,"Not for vegetarians or the cumin-averse, and dark on Sundays.",Karamanli pastourma platter · Pastourma with eggs · Grilled soutzouki · Vacuum-packed pastourma
Miran,1922 deli,Market quarter · Evripidou spice street,"Evripidou 45, 105 54 Athens",+30 210 321 7187,37.97995,23.72568,The Asia Minor kitchens,Since 1922 · 4 generations · At-source cure,,Aged veal pastourma: paper-thin mahogany slices under a faintly bitter mustard-yellow tsimeni crust,Deli — pay by weight; counter tasting plates,No booking — a shop with a tasting corner,"Late morning, spice trade in full cry","Closed Sunday; shop hours only, no evening service — call ahead. It's a deli with a tasting corner, not a restaurant. Vacuum-packed pastourma is the best edible souvenir of 1922 Athens for a galley. The 'largest EU producer' line is the company's own uncorroborated claim.","No shop in Athens sells better pastourma, and the standing counter-tasting outclasses most sit-down meze in the quarter.","Not a restaurant — no full meals, no evening hours, strictly carnivore territory.",Armenian soutzouk · Counter tasting board · Rarity pastourmas
To Aigyptiakon,1st kebab,"Nikaia (Piraeus) · Petrou Ralli, old Kokkinia","Petrou Ralli 168, 184 54 Nikaia",+30 210 418 2920,37.97308,23.66019,The Asia Minor kitchens,Since 1924 · Greece's 1st kebab · Refugee Nikaia,LiFO 2021 — profiled as one of Greece's best kebabs,"Kebab yogurtlou: charcoal-grilled hand-minced kebab on pita under warm tomato, sumac and yogurt",EUR 10-18 pp (est.),Walk-in; phone ahead for groups,"Right at the 17:00 opening, before the queue",Evenings only and closed Sunday; ~25 min from central Athens — pair with a Kokkinia refugee-streets walk. Right at the 17:00 opening beats the queue. Price is an estimate (souvlaki-house tier).,"Greece's first kebab house, grilling since 1924, still makes one of its best — worth the ride from the port on a Saturday evening.","Not central and not scenic — a working-class Nikaia avenue, dinner-only, zero frills.",Adana kebab in pita · Falafel · Lahmajun · Charcoal tiropita
"Peran, to Kafe Aman",Café aman,"Nea Chalkidona · Dekeleias, northern refugee belt","Dekeleias 20, 143 43 Nea Chalkidona",+30 210 253 3896,38.02842,23.73372,The Asia Minor kitchens,Politiki kouzina · Live cafe aman · House-baked,Athinorama 2026 — the guide's only politiki-kouzina table,"Yogurt kebab with cumin: juicy, gently spicy, bleeding into the house-baked bread",EUR 25-30 pp,Book on live-music nights,Fri/Sat night for sets; Sun afternoon for lunch,Open Wed-Sat evenings plus Sunday afternoon only. Book on live-music nights — the sets fill the stone room. Appetisers chosen off a passing tray; bread and sweets baked in-house.,"The last politiki-kouzina table standing in Athinorama's guide, and the live cafe-aman nights alone justify crossing the refugee belt.","Not a quick stop — music nights run long and loud, and it's closed Monday to Wednesday lunch.",Meze tray selection · Hunkar begendi · House Politiki sweets
Kostas (Agia Irini),Souvlaki,"Monastiraki · Plateia Agias Eirinis, by the church","Plateia Agias Eirinis 2, 105 60 Athens",+30 210 323 2971,37.97712,23.72834,The souvlaki canon,Since 1946 · EUR 3 wrap · Secret sauce,,"Souvlaki me ap'ola, hot sauce: charred pork, chopped tomato, the fiery house 'farmako' red.",EUR 3–7 pp,None — stand in the queue,Before the 13:00 office wave,Sells out then shutters — arrive before 15:00; wrap was EUR 3 (Feb 2025); NOT the unrelated 'since 1950' Kostas on Filellinon; carry cash.,The three-euro wrap from this postwar hole-in-the-wall still beats every chef-built souvlaki in Athens — arrive after 15:00 and the meat is likely gone.,"Not for sit-down comfort or late lunches — no tables, and no mercy once the day's meat is finished.","Souvlaki me ap'ola, hot sauce · Kalamaki sketo · Bifteki wrap, medium sauce"
Hoocut,Souvlaki,"Monastiraki · Plateia Agias Eirinis 9, at Aiolou","Plateia Agias Eirinis 9, 105 63 Athens",+30 210 324 0026,37.97683,23.72808,The souvlaki canon,Since 2018 · Five chefs · Chef's pick,"THIS IS ATHENS 2026 — CTC's Alexandros Tsiotinis: 'as genuine as it gets, as clean as it should be today'","Pork-belly pita: crackling edge, molten fat and bright raw onion on bread baked metres away.",~EUR 8–14 pp,None — order at counter,Off-peak 15:00–18:00,"NOT Michelin-listed despite blog claims; pita kneaded and baked on-site, meat from their own Metameat plant; peak-hour queues.","Five acclaimed chefs run Athens' most disciplined souvlaki, and a Michelin-starred peer calls it 'as genuine as it gets' — the pita out of the oven proves both.",Costs more than a corner souvlatzidiko and there's no table service — nostalgics for the three-euro paper-wrapped classic should walk thirty metres to Kostas.,Pork belly pita · Lamb pita · Beef short-rib pita · Hand-cut fries
O Thanasis,Kebab,"Monastiraki · Mitropoleos, at the square's mouth","Mitropoleos 69, 105 55 Athens",+30 210 324 4705,37.97626,23.72636,The souvlaki canon,Since 1964 · Charcoal kebab · Kebab war,,"Kebab merida on pita: charcoal-charred lamb-beef mince with raw onion, tomato and a paprika dust.",EUR 10–15 pp,None — first come,"Off-peak 17:00–19:00, or after midnight","The legendary charcoal KEBAB of Monastiraki, not skewer souvlaki — order accordingly; heavy tourist flow, daily queues.","Since 1964, 'kebab' in Athens has meant this exact spiced, charcoal-grilled cylinder at Mitropoleos 69 — still the centre's most dependable plate after midnight.","Not for anyone chasing quiet or the bare pork kalamaki — a loud, touristic, table-service kebab institution, and that is the point.",Kebab merida on pita · Kebab me yiaourti · Roasted peppers + tzatziki · House red in a small jug
Klimataria,Rebetiko,"Plateia Theatrou · on the square, under the vine","Plateia Theatrou 2, 105 52 Athens",+30 210 3216629,37.98109,23.72476,The old houses & koutoukia,Since 1927 · Live rebetiko · Barrel wine,Athens Voice 2024 — 'the emblematic taverna of Plateia Theatrou',Lamb kotsi melomeno: honey-glazed shank collapsing off the bone into its own juices,EUR 20-35 pp (music nights higher),Book for music nights,Fri/Sat ~22:30; Sunday lunch for the pots,Live music roughly Wed-Sat (venue site) though Athinorama lists Fri-Sun — confirm the night. Music nights can carry a cover/bread charge — ask. Square is scruffy after dark; taxi to the door.,"The last taverna in central Athens where barrel wine, hand-cooked mageirefta and live rebetes still share one 1927 room several nights a week.",Not a quiet dinner on music nights — after 22:00 conversation surrenders to the band; on off-nights you find only the kitchen.,Soutzoukakia · Giouvetsi · Handmade pies and bread · Barrel wine
Taverna tou Oikonomou,Mageireio,"Ano Petralona · Troon & Kydantidon, opposite Zefyros cinema","Troon 41 & Kydantidon, 118 51 Athens",+30 210 3467555,37.96969,23.71323,The old houses & koutoukia,Since 1930 · Mageireio · Same cook 25yr,FNL Guide — 'a journey into the memory of Greek tradition',Rooster with hilopites: wine-dark bird over egg noodles drinking the slow-cooked sauce,EUR 20-25 pp excl. wine,Book weekends — pavement tables go first,"Summer evening outside, Zefyros flickering opposite",MAGEIREFTA HOUSE — the day's pots run out; go early and hungry. 2023 handover kept the same cook (Garoufallia) and walls. Weekend pavement tables opposite Zefyros cinema go first.,The 1930 butcher's-taverna where Athens still measures what home-stewed rooster and hilopites should taste like.,"Not for grill-seekers or late arrivals — the glory is in the pots, and the pots empty.",Rabbit stifado · Soutzoukakia · Lamb in the oven · Summer okra and beans
Margaro,5 dishes,"Piraeus, Hatzikyriakio · Naval Cadets' School gate","Hatzikyriakou 126, 185 39 Piraeus",+30 210 4514226,37.93475,23.62923,Piraeus — the harbour tables,Since 1944 · 5-dish menu · By the fryer,Athinorama 2025 re-review — 'the old neighbourhood fish taverna still lives',"Fried barbounia: flour-whispered red mullet, scalding hot, sweet flesh under crackling skin",EUR 25-30 pp; ~EUR 40 feeds two,No reservations — go off-peak,Weekday lunch ~13:00; Sunday noon queues,"No reservations + recited 4-5-item menu (no printed carte); Sunday waits are real, go weekday ~13:00. Closed Tuesday. Card acceptance unverified — carry cash.","Eighty years on, a recited menu of five fried things still beats every printed seafood carte in Piraeus.","Not for menu-browsers, vegetarians, bookers, or anyone who needs dessert and a sea view.",Fried garides (shrimp) · Karavides (langoustines) · Tomato salad · House white by the kilo
Dourabeis,Est. 1932,"Piraeus · Akti Dilaveri, foot of Kastella","Akti Dilaveri 29, 185 33 Piraeus",+30 210 4122092,37.94132,23.66203,Piraeus — the harbour tables,Since 1932 · 3 generations · Island boats,FNL Guide — 'reference point of classic Athenian fish-eating',"Charcoal-grilled wild fish with ladolemono: salt-sweetness and smoke, dressed old-school, chosen by the kilo",Fish by the kilo; budget EUR 60+ pp,Book — generations fill it,"Winter Sunday lunch, the classicists' hour","Serious-restaurant prices — stopped being a taverna decades ago; budget EUR 60+ pp (unverified, Athinorama lists EUR 45-55). Book. Fish by the kilo, landed from Kythira/Evia/Koroni/Cyclades/Crete. No published hours — call.","Ninety-plus years of charcoal and ladolemono make it the control experiment for every Athens fish kitchen — the plainest possible plate, done better.","Not cheap and not a taverna lark — white-linen fish-house gravity, priced to match.",Dourabeis salad · Linguine with oysters · Shellfish selection
Zefyros,Est. 1931,"Piraeus · Mikrolimano quay, deck over the water","Akti Koumoundourou 48, 185 33 Piraeus",+30 210 4175152,37.93887,23.6606,Piraeus — the harbour tables,Since 1931 · Mikrolimano's oldest · Deck over water,"Athinorama 2025 — 'the oldest fish house of Mikrolimano, 94 years and counting'","Whole day-boat fish, grilled plain: eaten on planks built out over the harbour water",View-priced; fish by the kilo,Book the waterside deck ahead,"Dusk on the deck, Kastella lighting up","Priced for the view; fish by the kilo (per-head band unverified). Book the waterside deck. Est. 1931 — Mikrolimano's oldest fish house; classic cooking, no fusion.","The one Mikrolimano quay terrace where the history is real: the harbour's oldest fish house, still feeding the classicists.","Skip it if you want modern cooking or a bargain — this is classic, at view prices.",Oysters and raw shellfish · Seasonal seafood mezedes · Greek-vineyard whites
To Kapileio tou Zachou,Kapileio,"Piraeus, Kaminia · Komotinis 37, inland","Komotinis 37, 185 41 Piraeus (Kaminia)",+30 210 4813325,37.9537,23.66261,Piraeus — the harbour tables,Since 2003 · Kaminia dive · Barrel wine,"Athinorama Jan 2026 — 'fish like the old days, unchanged'","Fried koutsomoura: small red mullet straight from the pan, crisp, sweet, barrel wine beside",EUR ~20-30 pp (honest-taverna tier),Phone ahead at weekends,Weekday lunch among port workers,"CARD ACCEPTANCE UNVERIFIED — carry cash. Ten minutes inland from the cruise terminal (no sea view). Phone ahead weekends. Athinorama's Jan 2026 verdict: 'unchanged', in the best sense.","Kaminia's proof that fried small fish, barrel wine and an Olympiacos shrine can outclass the Mikrolimano quay.","Not for sea views, card-only wallets, or anyone who needs polish — inland, local, unvarnished.",Shrimp saganaki · Mussel pilaf · Courgette-and-tomato fritters · Barrel wine
